Item_Id,Nome,Preço,Moeda,Categoria,Marca,Quantidade,Link,Detalhes_Imagem,Descrição,Condicao,Estado
MLA1359027207,Chromecast Google Ga03131 Tv Hd 8gb 2gb Ram 60 Fps Wifi Bluetooth Hdmi 4ta Gen Blanco,107099.1,ARS,MLA352001,GA03131-US,200,https://www.mercadolibre.com.ar/chromecast-google-ga03131-tv-hd-8gb-2gb-ram-60-fps-wifi-bluetooth-hdmi-4ta-gen-blanco/p/MLA21237756#wid=MLA1359027207&sid=unknown,http://http2.mlstatic.com/D_891351-MLU74085599976_012024-I.jpg,,new,Santa Fe
MLA2021860384,Google Chromecast 4 Generación Con Google Tv Blanco,131370.0,ARS,MLA352001,GA03131-US,1,https://www.mercadolibre.com.ar/google-chromecast-4-generacion-con-google-tv-blanco/p/MLA24460156#wid=MLA2021860384&sid=unknown,http://http2.mlstatic.com/D_706996-MLU78013821034_082024-I.jpg,,new,Córdoba
MLA1473676991,Smart Tv Onn Uhd Streaming Device 2° Gen 4k Color Negro,72999.0,ARS,MLA352001,2410A,1,https://www.mercadolibre.com.ar/smart-tv-onn-uhd-streaming-device-2-gen-4k-color-negro/p/MLA24249930#wid=MLA1473676991&sid=unknown,http://http2.mlstatic.com/D_842944-MLU74245601319_012024-I.jpg,,new,Capital Federal
MLA1974041816,Xiaomi Mi Tv Stick Full Hd 8gb Chromecast Streaming Con Control Color Negro,70000.0,ARS,MLA352001,MDZ-24-AA,100,https://www.mercadolibre.com.ar/xiaomi-mi-tv-stick-full-hd-8gb-chromecast-streaming-con-control-color-negro/p/MLA15984003#wid=MLA1974041816&sid=unknown,http://http2.mlstatic.com/D_988091-MLU69826403059_062023-I.jpg,,new,Buenos Aires
MLA1472422145,Google Chromecast 4k Chromecast With Google Tv Ga01919-us De Voz 4.ª Generación 4k 8gb Sky Con 2gb De Memoria Ram,111999.0,ARS,MLA352001,GA01919-US,1,https://www.mercadolibre.com.ar/google-chromecast-4k-chromecast-with-google-tv-ga01919-us-de-voz-4-generacion-4k-8gb-sky-con-2gb-de-memoria-ram/p/MLA16233187#wid=MLA1472422145&sid=unknown,http://http2.mlstatic.com/D_698723-MLU70045085640_062023-I.jpg,,new,Capital Federal
MLA1970572124,Chromecast Ga01919-us Google 4 Generación 4k 8gb Con 2gb De Memoria Ram,114999.0,ARS,MLA352001,GA01919-US,50,https://www.mercadolibre.com.ar/chromecast-ga01919-us-google-4-generacion-4k-8gb-con-2gb-de-memoria-ram/p/MLA21774715#wid=MLA1970572124&sid=unknown,http://http2.mlstatic.com/D_820731-MEC49046529482_022022-I.jpg,,new,Capital Federal
MLA1433713863,Onn Google Tv Fhd Streaming Stick 2da Generación 8gb 1.5gb Ram Color Negro Control Remoto De Voz,64999.0,ARS,MLA352001,36233631,1,https://www.mercadolibre.com.ar/onn-google-tv-fhd-streaming-stick-2da-generacion-8gb-15gb-ram-color-negro-control-remoto-de-voz/p/MLA29268937#wid=MLA1433713863&sid=unknown,http://http2.mlstatic.com/D_955514-MLU73509882514_122023-I.jpg,,new,Santa Fe
MLA1976418540,Chromecast With Google Tv De Voz 4ª Generación 4k 8gb Snow Con 2gb De Memoria Ram,112999.0,ARS,MLA352001,GA01919-US,100,https://www.mercadolibre.com.ar/chromecast-with-google-tv-de-voz-4-generacion-4k-8gb-snow-con-2gb-de-memoria-ram/p/MLA16233185#wid=MLA1976418540&sid=unknown,http://http2.mlstatic.com/D_635602-MLA74782529607_022024-I.jpg,,new,Capital Federal
MLA1929846314,Mi Tv Stick Xiaomi 4k Mdz-27-eu 2.ª Generación Color Negro,92303.2,ARS,MLA352001,MDZ-27-EU,1,https://www.mercadolibre.com.ar/mi-tv-stick-xiaomi-4k-mdz-27-eu-2-generacion-color-negro/p/MLA38431087#wid=MLA1929846314&sid=unknown,http://http2.mlstatic.com/D_896407-MLU77791584611_072024-I.jpg,,new,Capital Federal
MLA1475129595,Chromecast tv Gen 4 - 4k Hdr. Wifi+bth+c. Remoto,135900.0,ARS,MLA352001,GA01919-ES,1,https://www.mercadolibre.com.ar/chromecasttv-gen-4-4k-hdr-wifibthc-remoto/p/MLA22031298#wid=MLA1475129595&sid=unknown,http://http2.mlstatic.com/D_899917-MLU53781625918_022023-I.jpg,,new,Capital Federal
MLA1478889565,Google Tv Streamer 4k Netflix Hdr 2024 Androidtv Color Blanco Tipo De Control Remoto De Voz,233490.0,ARS,MLA352001,GA05662-US,1,https://www.mercadolibre.com.ar/google-tv-streamer-4k-netflix-hdr-2024-androidtv-color-blanco-tipo-de-control-remoto-de-voz/p/MLA41947159#wid=MLA1478889565&sid=unknown,http://http2.mlstatic.com/D_651116-MLA80513827522_112024-I.jpg,,new,Buenos Aires
MLA1474341635,Control De Voz Xiaomi Mi Tv Stick Full Hd De 8 Gb Y 1 Gb De Ram,75138.0,ARS,MLA352001,MDZ-24-AA,50,https://www.mercadolibre.com.ar/control-de-voz-xiaomi-mi-tv-stick-full-hd-de-8-gb-y-1-gb-de-ram/p/MLA37678995#wid=MLA1474341635&sid=unknown,http://http2.mlstatic.com/D_604850-MLU76943743435_062024-I.jpg,,new,Buenos Aires
MLA1446111253,Google Chromecast Ultra 4k Negro,211469.0,ARS,MLA352001,Google,1,https://www.mercadolibre.com.ar/google-chromecast-ultra-4k-negro/p/MLA6304839#wid=MLA1446111253&sid=unknown,http://http2.mlstatic.com/D_758955-MLA32691404974_102019-I.jpg,,new,Buenos Aires
MLA2006690998,Tv Box 4k Hdmi Android  --el Más Rápido--,49000.0,ARS,MLA352001,Smart tv BOX 4K,250,https://articulo.mercadolibre.com.ar/MLA-2006690998-tv-box-4k-hdmi-android-el-mas-rapido--_JM,http://http2.mlstatic.com/D_722861-MLA80050537929_102024-O.jpg,,new,Buenos Aires
MLA1949495790,Tv Box Smart Z8pro 32gb El Mas Rapido Full Apps!!,85490.5,ARS,MLA352001,Z8,50,https://articulo.mercadolibre.com.ar/MLA-1949495790-tv-box-smart-z8pro-32gb-el-mas-rapido-full-apps-_JM,http://http2.mlstatic.com/D_602599-MLA80127109136_112024-O.jpg,,new,Buenos Aires
MLA2004123498,Mirascreen Anycast Wireless Dongle Tipo Chromecast /e Color Negro,28499.05,ARS,MLA352001,WL.12,150,https://www.mercadolibre.com.ar/mirascreen-anycast-wireless-dongle-tipo-chromecast-e-color-negro/p/MLA19809983#wid=MLA2004123498&sid=unknown,http://http2.mlstatic.com/D_715211-MLA80664628923_112024-I.jpg,,new,Capital Federal
MLA1382798627,Google Chromecast Ultra 4k Negro,80299.0,ARS,MLA352001,,1,https://articulo.mercadolibre.com.ar/MLA-1382798627-google-chromecast-ultra-4k-negro-_JM,http://http2.mlstatic.com/D_799040-MLA71030494893_082023-O.jpg,,new,Capital Federal
MLA1867531158,Google Chromecast 4 4k Ga01919 8gb 2gb + Cargador + Control,118999.0,ARS,MLA352001,GA01919-US,1,https://articulo.mercadolibre.com.ar/MLA-1867531158-google-chromecast-4-4k-ga01919-8gb-2gb-cargador-control-_JM,http://http2.mlstatic.com/D_656871-MLU72825274805_112023-O.jpg,,new,Capital Federal
MLA2018369158,Smart Tv Onn Uhd Streaming Device 2° Gen 4k + Magls,86000.0,ARS,MLA352001,2410A,1,https://articulo.mercadolibre.com.ar/MLA-2018369158-smart-tv-onn-uhd-streaming-device-2-gen-4k-magls-_JM,http://http2.mlstatic.com/D_947853-MLA82300953978_022025-O.jpg,,new,Capital Federal
MLA1835129114,Google Chromecast 4 Hd Ga03131 8gb 2gb + Cargador + Control,110999.0,ARS,MLA352001,Google,100,https://articulo.mercadolibre.com.ar/MLA-1835129114-google-chromecast-4-hd-ga03131-8gb-2gb-cargador-control-_JM,http://http2.mlstatic.com/D_618099-MLA77254556006_072024-O.jpg,,new,Capital Federal
MLA1669104294,Google Chromecast Ultra 4k Negro (bulk) ,72369.2,ARS,MLA352001,,1,https://articulo.mercadolibre.com.ar/MLA-1669104294-google-chromecast-ultra-4k-negro-bulk-_JM,http://http2.mlstatic.com/D_714071-MLA74410918734_022024-O.jpg,,new,Capital Federal
MLA1451432065,Smart Tv Onn  Uhd Streaming Device 2° Gen 4k Color Negro,71900.0,ARS,MLA352001,2410A,1,https://articulo.mercadolibre.com.ar/MLA-1451432065-smart-tv-onn-uhd-streaming-device-2-gen-4k-color-negro-_JM,http://http2.mlstatic.com/D_842944-MLU74245601319_012024-O.jpg,,new,Capital Federal
MLA2021377464,Google Chromecast Hd,124000.0,ARS,MLA352001,G454V,1,https://www.mercadolibre.com.ar/google-chromecast-hd/p/MLA19971472#wid=MLA2021377464&sid=unknown,http://http2.mlstatic.com/D_768094-MCO74113009136_012024-I.jpg,,new,Capital Federal
MLA1452960541,Xiaomi Mi Tv Stick Full Hd 8gb Con Control Color Negro,79499.0,ARS,MLA352001,MDZ-24-AA,1,https://articulo.mercadolibre.com.ar/MLA-1452960541-xiaomi-mi-tv-stick-full-hd-8gb-con-control-color-negro-_JM,http://http2.mlstatic.com/D_988091-MLU69826403059_062023-O.jpg,,new,Córdoba
MLA1906611378,Smart Tv Onn  Uhd Streaming Device 2° Gen 4k Color Negro,71990.0,ARS,MLA352001,2410A,1,https://articulo.mercadolibre.com.ar/MLA-1906611378-smart-tv-onn-uhd-streaming-device-2-gen-4k-color-negro-_JM,http://http2.mlstatic.com/D_842944-MLU74245601319_012024-O.jpg,,new,Capital Federal
MLA1912327352,Onn 4k 2gen Google Tv 2023 8gb + 2 Gb Ram + Fuente + Remoto,72999.0,ARS,MLA352001,2410A,50,https://articulo.mercadolibre.com.ar/MLA-1912327352-onn-4k-2gen-google-tv-2023-8gb-2-gb-ram-fuente-remoto-_JM,http://http2.mlstatic.com/D_842944-MLU74245601319_012024-O.jpg,,new,Capital Federal
MLA1391312469,Xiaomi Mi Tv Stick 4k 8gb Ram 2gb Chromecast Amazon Netflix ,93749.25,ARS,MLA352001,MDZ-27-EU,1,https://articulo.mercadolibre.com.ar/MLA-1391312469-xiaomi-mi-tv-stick-4k-8gb-ram-2gb-chromecast-amazon-netflix-_JM,http://http2.mlstatic.com/D_640294-MLA74651644692_022024-O.jpg,,new,Capital Federal
MLA1946970286,Tv Box Gadnic Android 10.0 Hdmi 4k Chromecast Full Hd Color Negro Tipo De Control Remoto Estándar,59999.0,ARS,MLA352001,SMTV0046,250,https://www.mercadolibre.com.ar/tv-box-gadnic-android-100-hdmi-4k-chromecast-full-hd-color-negro-tipo-de-control-remoto-estandar/p/MLA40682584#wid=MLA1946970286&sid=unknown,http://http2.mlstatic.com/D_962131-MLU79222529651_092024-I.jpg,,new,Capital Federal
MLA1455433017,Xiaomi Mi Tv Stick Full Hd 8gb Con Control Color Negro,80319.0,ARS,MLA352001,MDZ-24-AA,1,https://articulo.mercadolibre.com.ar/MLA-1455433017-xiaomi-mi-tv-stick-full-hd-8gb-con-control-color-negro-_JM,http://http2.mlstatic.com/D_988091-MLU69826403059_062023-O.jpg,,new,Buenos Aires
MLA1361366203,Google Chromecast With Google Tv Hd 8gb Snow 2gb Ram,119139.08,ARS,MLA352001,Google,1,https://articulo.mercadolibre.com.ar/MLA-1361366203-google-chromecast-with-google-tv-hd-8gb-snow-2gb-ram-_JM,http://http2.mlstatic.com/D_652135-MLA53313434104_012023-O.jpg,,new,Córdoba
MLA1438232247,Google Chromecast 4k 8gb Sky Control De Voz Ga01923-us 2gb,112990.68,ARS,MLA352001,GA01919-US,1,https://articulo.mercadolibre.com.ar/MLA-1438232247-google-chromecast-4k-8gb-sky-control-de-voz-ga01923-us-2gb-_JM,http://http2.mlstatic.com/D_733073-MLA77790348279_072024-O.jpg,,new,Capital Federal
MLA1451195339,"Google Chromecast Con Google Tv (4k) - Disfruta De Películas, Programas En Vivo En 4k Hdr - Color Nieve",148000.0,ARS,MLA352001,Google,1,https://www.mercadolibre.com.ar/google-chromecast-con-google-tv-4k-disfruta-de-peliculas-programas-en-vivo-en-4k-hdr-color-nieve/p/MLA34921279#wid=MLA1451195339&sid=unknown,http://http2.mlstatic.com/D_890350-MLU75377669023_032024-I.jpg,,new,Capital Federal
MLA1909501704,Xiaomi Mi Tv Stick 2a Gen 8gb Full Hd Mdz-24-aa,64174.15,ARS,MLA352001,MDZ-24-AA,1,https://articulo.mercadolibre.com.ar/MLA-1909501704-xiaomi-mi-tv-stick-2a-gen-8gb-full-hd-mdz-24-aa-_JM,http://http2.mlstatic.com/D_879542-MLA79293426317_092024-O.jpg,,new,Córdoba
MLA1962297998,Smart Tv Onn 4k Uhd Streaming Device 2° Gen - Desbloqueado,75000.0,ARS,MLA352001,2410A,1,https://articulo.mercadolibre.com.ar/MLA-1962297998-smart-tv-onn-4k-uhd-streaming-device-2-gen-desbloqueado-_JM,http://http2.mlstatic.com/D_842944-MLU74245601319_012024-O.jpg,,new,Capital Federal
MLA1448028619,Chromecast Google Tv Hd 8gb 2gb Ram Hdmi 4ta Generacion,124000.0,ARS,MLA352001,GA03131-US,50,https://articulo.mercadolibre.com.ar/MLA-1448028619-chromecast-google-tv-hd-8gb-2gb-ram-hdmi-4ta-generacion-_JM,http://http2.mlstatic.com/D_834700-MLA78968843515_092024-O.jpg,,new,Capital Federal
MLA1442224189,Chromecast  Google Tv 4 Generación 4k 8gb Con Cargador,130000.0,ARS,MLA352001,GA01919-US,1,https://articulo.mercadolibre.com.ar/MLA-1442224189-chromecast-google-tv-4-generacion-4k-8gb-con-cargador-_JM,http://http2.mlstatic.com/D_820731-MEC49046529482_022022-O.jpg,,new,Capital Federal
MLA885133507,Chromecast Smart Tv Netflix Google Tv 4k Hdr Control Remoto,236999.21,ARS,MLA352001,GA05662-US,100,https://articulo.mercadolibre.com.ar/MLA-885133507-chromecast-smart-tv-netflix-google-tv-4k-hdr-control-remoto-_JM,http://http2.mlstatic.com/D_910305-MLA81270824630_122024-O.jpg,,new,Capital Federal
MLA1475057681,Google Chromecast Tv 4 1080p Fhd Control Remoto Wifi Hdmi Color Blanco,125900.0,ARS,MLA352001,GOOHDMIIV,1,https://www.mercadolibre.com.ar/google-chromecast-tv-4-1080p-fhd-control-remoto-wifi-hdmi-color-blanco/p/MLA35715335#wid=MLA1475057681&sid=unknown,http://http2.mlstatic.com/D_759612-MLA79345663662_092024-I.jpg,,new,Capital Federal
MLA874470219,Xiaomi Mi Tv Stick Full Hd 8gb Con Control X Voz Chromecast,99999.0,ARS,MLA352001,MDZ-24-AA,1,https://articulo.mercadolibre.com.ar/MLA-874470219-xiaomi-mi-tv-stick-full-hd-8gb-con-control-x-voz-chromecast-_JM,http://http2.mlstatic.com/D_703016-MLA43227494198_082020-O.jpg,,new,Capital Federal
MLA1462796143,Tivo Ipa1104hdw-01 Stream 4k Original Con Google Oficial Certificado 8gb De Almacenamiento 2gb De Ram,82839.0,ARS,MLA352001,TiVo,1,https://www.mercadolibre.com.ar/tivo-ipa1104hdw-01-stream-4k-original-con-google-oficial-certificado-8gb-de-almacenamiento-2gb-de-ram/p/MLA22257159#wid=MLA1462796143&sid=unknown,http://http2.mlstatic.com/D_777215-MPE49473153144_032022-I.jpg,,new,Buenos Aires
MLA1441671447,Smart Tv Convertidor Hdmi 4k Full Hd Android 11 Pcreg,96629.0,ARS,MLA352001,MDZ-27-EU,500,https://articulo.mercadolibre.com.ar/MLA-1441671447-smart-tv-convertidor-hdmi-4k-full-hd-android-11-pcreg-_JM,http://http2.mlstatic.com/D_884272-MLU77573562036_072024-O.jpg,,new,Capital Federal
MLA1438193127,Xiaomi Mi Tv Stick 4k Android Google Tv Color Negro Tipo De Control Remoto De Voz,97846.0,ARS,MLA352001,4K 2GB,1,https://www.mercadolibre.com.ar/xiaomi-mi-tv-stick-4k-android-google-tv-color-negro-tipo-de-control-remoto-de-voz/p/MLA22726626#wid=MLA1438193127&sid=unknown,http://http2.mlstatic.com/D_833358-MLU78013070178_082024-I.jpg,,new,Capital Federal
MLA1446415291,Chromecast Google Ga03131 Tv Hd Snow-smart Tv-control Remoto,107099.0,ARS,MLA352001,Google,150,https://articulo.mercadolibre.com.ar/MLA-1446415291-chromecast-google-ga03131-tv-hd-snow-smart-tv-control-remoto-_JM,http://http2.mlstatic.com/D_891351-MLU74085599976_012024-O.jpg,,new,Capital Federal
MLA1150795107,Chromecast 4 Smart Tv Netflix Googletv 4k Hdr Control Remoto,128599.0,ARS,MLA352001,Chromecast 4,1,https://articulo.mercadolibre.com.ar/MLA-1150795107-chromecast-4-smart-tv-netflix-googletv-4k-hdr-control-remoto-_JM,http://http2.mlstatic.com/D_944952-MLA51058117100_082022-O.jpg,,new,Capital Federal
MLA2012521480,Tv Box Watch Onn 4k Chromecast Solucionado Ubicación Negro,89500.0,ARS,MLA352001,2410A,1,https://articulo.mercadolibre.com.ar/MLA-2012521480-tv-box-watch-onn-4k-chromecast-solucionado-ubicacion-negro-_JM,http://http2.mlstatic.com/D_842944-MLU74245601319_012024-O.jpg,,new,Capital Federal
MLA1468045807,Chromecast Google Tv De Voz 4 Generación 4k 8gb Con Cargador,159000.0,ARS,MLA352001,GA01919-US,1,https://articulo.mercadolibre.com.ar/MLA-1468045807-chromecast-google-tv-de-voz-4-generacion-4k-8gb-con-cargador-_JM,http://http2.mlstatic.com/D_820731-MEC49046529482_022022-O.jpg,,new,Capital Federal
MLA1944850726,Xiaomi Mi Tv Stick Mdz-27-eu 4k Uhd Conversor Smart Tv,95990.0,ARS,MLA352001,MDZ-27-EU,100,https://articulo.mercadolibre.com.ar/MLA-1944850726-xiaomi-mi-tv-stick-mdz-27-eu-4k-uhd-conversor-smart-tv-_JM,http://http2.mlstatic.com/D_824679-MLA80020755518_102024-O.jpg,,new,Capital Federal
MLA1425375959,Chromecast Google Tv Hd 8gb 2gb Ram 60 Fps Wifi Bluetooth Hd,121905.0,ARS,MLA352001,GA03131-US,1,https://articulo.mercadolibre.com.ar/MLA-1425375959-chromecast-google-tv-hd-8gb-2gb-ram-60-fps-wifi-bluetooth-hd-_JM,http://http2.mlstatic.com/D_652735-MLC52874645029_122022-O.jpg,,new,Córdoba
MLA1476915627,Google Chromecast 4k Chromecast With Google Tv Ga01919-us De,145999.0,ARS,MLA352001,GA01919-US,1,https://articulo.mercadolibre.com.ar/MLA-1476915627-google-chromecast-4k-chromecast-with-google-tv-ga01919-us-de-_JM,http://http2.mlstatic.com/D_698723-MLU70045085640_062023-O.jpg,,new,Capital Federal
MLA1597574484,Parlante Google Home Mini Asistente Virtual Refabricado,41055.0,ARS,MLA409415,Google,1,https://articulo.mercadolibre.com.ar/MLA-1597574484-parlante-google-home-mini-asistente-virtual-refabricado-_JM,http://http2.mlstatic.com/D_796916-MLA73322349956_122023-O.jpg,,new,Capital Federal
MLA1398793543,Google Home Mini Con Asistente Virtual Google Assistant Ref,41055.0,ARS,MLA409415,Google,1,https://articulo.mercadolibre.com.ar/MLA-1398793543-google-home-mini-con-asistente-virtual-google-assistant-ref-_JM,http://http2.mlstatic.com/D_670900-MLA73392967607_122023-O.jpg,,new,Capital Federal
MLA930506223,Soporte Montaje Embutido Pared Google Home Hub Mountgenie,19900.0,ARS,MLA409415,Google,1,https://articulo.mercadolibre.com.ar/MLA-930506223-soporte-montaje-embutido-pared-google-home-hub-mountgenie-_JM,http://http2.mlstatic.com/D_765698-MLA46838404907_072021-O.jpg,,new,Capital Federal
MLA2011107376,Prte Pared 45º Ggle Hme Hub 138x60mm Nextsale Clr Negr,10900.0,ARS,MLA409415,Google,5000,https://www.mercadolibre.com.ar/prte-pared-45-ggle-hme-hub-138x60mm-nextsale-clr-negr/p/MLA45574146#wid=MLA2011107376&sid=unknown,http://http2.mlstatic.com/D_995915-MLA81738605478_012025-I.jpg,,new,Buenos Aires
MLA1400539531,Google Home Mini Asistente Virtual Google Assistant Ref,61740.5,ARS,MLA409415,Google,1,https://articulo.mercadolibre.com.ar/MLA-1400539531-google-home-mini-asistente-virtual-google-assistant-ref-_JM,http://http2.mlstatic.com/D_609744-MLA73594029404_122023-O.jpg,,new,Capital Federal
MLA1110314122,Soporte Pared 45º Google Home Hub Base 138x60mm Nextsale,10900.0,ARS,MLA409415,Google,5000,https://articulo.mercadolibre.com.ar/MLA-1110314122-soporte-pared-45-google-home-hub-base-138x60mm-nextsale-_JM,http://http2.mlstatic.com/D_927006-MLA50108907353_052022-O.jpg,,new,Buenos Aires
MLA1400506527,Google Home Mini Multi-room Google Assistant Refabricado,64592.4,ARS,MLA409415,Google,1,https://articulo.mercadolibre.com.ar/MLA-1400506527-google-home-mini-multi-room-google-assistant-refabricado-_JM,http://http2.mlstatic.com/D_609744-MLA73594029404_122023-O.jpg,,new,Capital Federal
MLA1110377590,Soporte De Pared Google Mini Home / Nest Mini 2da Generacion,10900.0,ARS,MLA409415,Google,5000,https://articulo.mercadolibre.com.ar/MLA-1110377590-soporte-de-pared-google-mini-home-nest-mini-2da-generacion-_JM,http://http2.mlstatic.com/D_878921-MLA49388125896_032022-O.jpg,,new,Buenos Aires
MLA1361515563,Parlante Inteligente Google Home Mini Smart Speaker Spotify,58990.0,ARS,MLA409415,Google,1,https://articulo.mercadolibre.com.ar/MLA-1361515563-parlante-inteligente-google-home-mini-smart-speaker-spotify-_JM,http://http2.mlstatic.com/D_870706-MLA54199283550_032023-O.jpg,,used,Capital Federal
MLA1981779742,Google Home Mini 2gen Asistente Virtual Assistant Chalk,70000.0,ARS,MLA409415,Google,1,https://articulo.mercadolibre.com.ar/MLA-1981779742-google-home-mini-2gen-asistente-virtual-assistant-chalk-_JM,http://http2.mlstatic.com/D_625061-MLA81495525661_122024-O.jpg,,used,Capital Federal
MLA1569955706,Google Home Asistente Virtual Google Assistant White Y Slate,220000.0,ARS,MLA409415,Google,1,https://articulo.mercadolibre.com.ar/MLA-1569955706-google-home-asistente-virtual-google-assistant-white-y-slate-_JM,http://http2.mlstatic.com/D_710648-MLA72965358115_112023-O.jpg,,used,Chaco
MLA2011503402,Google Home Asistente Virtual Google 110v/220v No Es 2da Gen,20000.0,ARS,MLA409415,Google,1,https://articulo.mercadolibre.com.ar/MLA-2011503402-google-home-asistente-virtual-google-110v220v-no-es-2da-gen-_JM,http://http2.mlstatic.com/D_860453-MLA81253781245_122024-O.jpg,,used,Capital Federal
MLA1361528507,Parlante Inteligente Google Home Mini Smart Speaker Gris Yt,62990.0,ARS,MLA409415,Google,1,https://articulo.mercadolibre.com.ar/MLA-1361528507-parlante-inteligente-google-home-mini-smart-speaker-gris-yt-_JM,http://http2.mlstatic.com/D_868814-MLA54199330242_032023-O.jpg,,used,Capital Federal
MLA1364551668,Parlante Inteligente Google Home Mini  Youtube Usado Gris,58990.0,ARS,MLA409415,Google,1,https://articulo.mercadolibre.com.ar/MLA-1364551668-parlante-inteligente-google-home-mini-youtube-usado-gris-_JM,http://http2.mlstatic.com/D_806609-MLA46103830088_052021-O.jpg,,used,Capital Federal
MLA1412480803,Google Home Mini Negro,90000.0,ARS,MLA409415,Google,1,https://articulo.mercadolibre.com.ar/MLA-1412480803-google-home-mini-negro-_JM,http://http2.mlstatic.com/D_744791-MLA74856099461_032024-O.jpg,,used,Capital Federal
MLA1820484428,Google Home Mini Con Asistente Virtual Charcoal 110v/220v,89999.0,ARS,MLA409415,Google,1,https://articulo.mercadolibre.com.ar/MLA-1820484428-google-home-mini-con-asistente-virtual-charcoal-110v220v-_JM,http://http2.mlstatic.com/D_794344-MLA77199999875_062024-I.jpg,,used,Capital Federal
MLA1892733826,Google Home Mini Con Asistente Virtual Chalk 110v/220v,55000.0,ARS,MLA409415,Google,1,https://articulo.mercadolibre.com.ar/MLA-1892733826-google-home-mini-con-asistente-virtual-chalk-110v220v-_JM,http://http2.mlstatic.com/D_701910-MLA78683679373_082024-O.jpg,,used,Capital Federal
MLA1416430677,Google Home Mini Original!! Google Assistant ,40000.0,ARS,MLA409415,Google,1,https://articulo.mercadolibre.com.ar/MLA-1416430677-google-home-mini-original-google-assistant-_JM,http://http2.mlstatic.com/D_611006-MLA75271470335_032024-O.jpg,,used,Santa Fe
MLA1807784940,Google Home Mini Con Asistente Virtual,99000.0,ARS,MLA409415,Google,1,https://articulo.mercadolibre.com.ar/MLA-1807784940-google-home-mini-con-asistente-virtual-_JM,http://http2.mlstatic.com/D_832161-MLA76950073659_062024-O.jpg,,used,Salta
MLA1437520249,Google Home Mini Con Asistente Virtual Color Negro,159999.0,ARS,MLA409415,Google,1,https://articulo.mercadolibre.com.ar/MLA-1437520249-google-home-mini-con-asistente-virtual-color-negro-_JM,http://http2.mlstatic.com/D_629925-MLA77458499998_072024-O.jpg,,used,Capital Federal
MLA2010279400,Google Home Mini,50000.0,ARS,MLA409415,Google,1,https://articulo.mercadolibre.com.ar/MLA-2010279400-google-home-mini-_JM,http://http2.mlstatic.com/D_683653-MLA54987260878_052023-O.jpg,,used,Buenos Aires
MLA2020005016,Google Home Mini - Usado,49999.0,ARS,MLA409415,Google,1,https://articulo.mercadolibre.com.ar/MLA-2020005016-google-home-mini-usado-_JM,http://http2.mlstatic.com/D_952615-MLA78336992211_082024-O.jpg,,used,Capital Federal
MLA2011514822,Google Home Mini Con Asistente Virtual No Es 2da Gen,25000.0,ARS,MLA409415,Google,1,https://articulo.mercadolibre.com.ar/MLA-2011514822-google-home-mini-con-asistente-virtual-no-es-2da-gen-_JM,http://http2.mlstatic.com/D_768492-MLA82067691922_022025-O.jpg,,used,Capital Federal
MLA1476279951,"Altavoz Wi-fi Google Home Mini Assistant, Color Negro",38000.0,ARS,MLA409415,Google,1,https://articulo.mercadolibre.com.ar/MLA-1476279951-altavoz-wi-fi-google-home-mini-assistant-color-negro-_JM,http://http2.mlstatic.com/D_671727-MLA82426496739_022025-O.jpg,,used,Buenos Aires
MLA1854015610,Google Home Mini Con Google Assistant,30000.0,ARS,MLA409415,Google,1,https://articulo.mercadolibre.com.ar/MLA-1854015610-google-home-mini-con-google-assistant-_JM,http://http2.mlstatic.com/D_653453-MLA77635406086_072024-O.jpg,,used,Buenos Aires
MLA1474936661,Google Home Mini Con Google Assistant Chalk 110/220v Chalk,44999.0,ARS,MLA409415,Google,1,https://www.mercadolibre.com.ar/google-home-mini-con-google-assistant-chalk-110220v/up/MLAU2997082107#wid=MLA1474936661&sid=unknown,http://http2.mlstatic.com/D_701389-MLA81989616994_022025-I.jpg,,used,Buenos Aires
MLA1618186704,Apple Tv 4k (wifi + Ethernet) A2843 De Voz 3.ª Generación 2022 4k 128gb Negro - Distribuidor Autorizado,379889.19,ARS,MLA352001,A2843,1,https://www.mercadolibre.com.ar/apple-tv-4k-wifi-ethernet-a2843-de-voz-3-generacion-2022-4k-128gb-negro-distribuidor-autorizado/p/MLA1021015906#wid=MLA1618186704&sid=unknown,http://http2.mlstatic.com/D_911533-MLA53244962397_012023-I.jpg,,new,Buenos Aires
MLA1449403463,Apple Tv Hd A1625 De Voz 4.ª Generación 2015 Full Hd 32gb Negro Con 2gb De Memoria Ram,169980.0,ARS,MLA352001,A1625,1,https://www.mercadolibre.com.ar/apple-tv-hd-a1625-de-voz-4-generacion-2015-full-hd-32gb-negro-con-2gb-de-memoria-ram/p/MLA6253544#wid=MLA1449403463&sid=unknown,http://http2.mlstatic.com/D_633039-MLA32691404911_102019-I.jpg,,new,Capital Federal
MLA1366426083,Apple Tv 4k (wifi) A2737 De Voz 3.ª Generación 2022 4k 64gb Negro - Distribuidor Autorizado,334249.0,ARS,MLA352001,A2737,1,https://www.mercadolibre.com.ar/apple-tv-4k-wifi-a2737-de-voz-3-generacion-2022-4k-64gb-negro-distribuidor-autorizado/p/MLA1021459431#wid=MLA1366426083&sid=unknown,http://http2.mlstatic.com/D_662921-MLA53529199006_012023-I.jpg,,new,Buenos Aires
MLA1479038679,Apple Tv 4k (wifi + Ethernet) A2843 De Voz 3.ª Generación 2022 4k 128gb Negro,325000.0,ARS,MLA352001,A2843,1,https://www.mercadolibre.com.ar/apple-tv-4k-wifi-ethernet-a2843-de-voz-3-generacion-2022-4k-128gb-negro/p/MLA21015906#wid=MLA1479038679&sid=unknown,http://http2.mlstatic.com/D_911533-MLA53244962397_012023-I.jpg,,new,Buenos Aires
MLA1399215546,Apple Tv 4k (wifi) A2737 De Voz 3.ª Generación 2022 4k 64gb Negro,395992.17,ARS,MLA352001,A2737,1,https://www.mercadolibre.com.ar/apple-tv-4k-wifi-a2737-de-voz-3-generacion-2022-4k-64gb-negro/p/MLA21459431#wid=MLA1399215546&sid=unknown,http://http2.mlstatic.com/D_662921-MLA53529199006_012023-I.jpg,,new,Buenos Aires
MLA1453365954,Apple Tv 4k A2169 De Voz 2.ª Generación 2021 4k 32gb Negro,499997.0,ARS,MLA352001,A2169,1,https://www.mercadolibre.com.ar/apple-tv-4k-a2169-de-voz-2-generacion-2021-4k-32gb-negro/p/MLA18385616#wid=MLA1453365954&sid=unknown,http://http2.mlstatic.com/D_677886-MLA74782155651_022024-I.jpg,,new,Buenos Aires
MLA1594852796,Apple Tv 4k A2169 De Voz 2.ª Generación 2021 4k 64gb Negro,423600.0,ARS,MLA352001,A2169,1,https://www.mercadolibre.com.ar/apple-tv-4k-a2169-de-voz-2-generacion-2021-4k-64gb-negro/p/MLA18385617#wid=MLA1594852796&sid=unknown,http://http2.mlstatic.com/D_677886-MLA74782155651_022024-I.jpg,,new,Capital Federal
MLA1719499042,Streaming Apple Tv Fhd 32gb 2nd Gen 2021 Black Mhy93ll/a ,201958.0,ARS,MLA352001,A1625,1,https://articulo.mercadolibre.com.ar/MLA-1719499042-streaming-apple-tv-fhd-32gb-2nd-gen-2021-black-mhy93lla-_JM,http://http2.mlstatic.com/D_722397-MLU69379520168_052023-O.jpg,,new,Capital Federal
MLA1981233514,Apple Tv 4k Wi-fi (tercera Generación) 128 Gb Ethernet,286875.06,ARS,MLA352001,A2843,1,https://articulo.mercadolibre.com.ar/MLA-1981233514-apple-tv-4k-wi-fi-tercera-generacion-128-gb-ethernet-_JM,http://http2.mlstatic.com/D_610850-CBT81489449515_122024-O.jpg,,new,Florida
MLA1345295576, Apple Tv 4k Wifi A2737 De Voz 3.ª Generación 2022 4k 64gb,371633.0,ARS,MLA352001,A2737,1,https://articulo.mercadolibre.com.ar/MLA-1345295576-apple-tv-4k-wifi-a2737-de-voz-3-generacion-2022-4k-64gb-_JM,http://http2.mlstatic.com/D_662921-MLA53529199006_012023-O.jpg,,new,Buenos Aires
MLA1475999135,Apple Tv 4k A2169 De Voz 2.a Generación 2021 4k 32gb 2021 Negro De Voz,252000.0,ARS,MLA352001,A2169,1,https://www.mercadolibre.com.ar/apple-tv-4k-a2169-de-voz-2a-generacion-2021-4k-32gb-2021/up/MLAU3007888311#wid=MLA1475999135&sid=unknown,http://http2.mlstatic.com/D_677886-MLA74782155651_022024-I.jpg,,new,Capital Federal
MLA1618134776,Apple Tv 4k (wifi + Ethernet) Con 128 Gb,435289.21,ARS,MLA352001,A2843,1,https://articulo.mercadolibre.com.ar/MLA-1618134776-apple-tv-4k-wifi-ethernet-con-128-gb-_JM,http://http2.mlstatic.com/D_911533-MLA53244962397_012023-O.jpg,,new,Buenos Aires
MLA1361163774, Apple Tv 4k (wifi + Ethernet) 3.ª Generación 2022 128gb,664999.0,ARS,MLA352001,A2843,1,https://articulo.mercadolibre.com.ar/MLA-1361163774-apple-tv-4k-wifi-ethernet-3-generacion-2022-128gb-_JM,http://http2.mlstatic.com/D_911533-MLA53244962397_012023-O.jpg,,new,Buenos Aires
MLA2011479876,Apple Tv 4k Wi-fi (tercera Generación) 64gb Apple Tv Negro De Voz,330000.0,ARS,MLA352001,A2737,1,https://www.mercadolibre.com.ar/apple-tv-4k-wifi-tercera-generacion-64gb-apple-tv/up/MLAU3003798965#wid=MLA2011479876&sid=unknown,http://http2.mlstatic.com/D_804842-MLA82350628881_022025-I.jpg,,new,Capital Federal
MLA1458318213,Apple Tv 4k (wifi + Ethernet)  3ra Gen 2022 4k 128gb Negro,420000.0,ARS,MLA352001,A2843,1,https://articulo.mercadolibre.com.ar/MLA-1458318213-apple-tv-4k-wifi-ethernet-3ra-gen-2022-4k-128gb-negro-_JM,http://http2.mlstatic.com/D_911533-MLA53244962397_012023-O.jpg,,new,Buenos Aires
MLA1426291701,Apple Tv 4k 64gb Modelo A2169. Soporte Y Funda De Regalo,408240.0,ARS,MLA352001,A2169,1,https://articulo.mercadolibre.com.ar/MLA-1426291701-apple-tv-4k-64gb-modelo-a2169-soporte-y-funda-de-regalo-_JM,http://http2.mlstatic.com/D_720512-MLA71496596751_092023-O.jpg,,new,Capital Federal
MLA1475974383,Apple Tv 4k 32 Gb,35000.0,ARS,MLA352001,A1842,1,https://articulo.mercadolibre.com.ar/MLA-1475974383-apple-tv-4k-32-gb-_JM,http://http2.mlstatic.com/D_705086-MLA81685931964_012025-O.jpg,,used,Capital Federal
MLA2013720360,"Apple Tv Modelo A1427 Con Control ,hdmi Y Cable Alimentación Negro Estándar",49999.0,ARS,MLA352001,A1427,1,https://www.mercadolibre.com.ar/apple-tv-modelo-a1427-con-control-hdmi-y-cable-alimentacion/up/MLAU3014967534#wid=MLA2013720360&sid=unknown,http://http2.mlstatic.com/D_788013-MLA82145306966_022025-I.jpg,,used,Capital Federal
MLA1448806077,"Apple Tv A1469 3.a Gen. Full Hd 8gb, 1gb Ram,estado Impoluto",44900.0,ARS,MLA352001,A1469,1,https://articulo.mercadolibre.com.ar/MLA-1448806077-apple-tv-a1469-3a-gen-full-hd-8gb-1gb-ramestado-impoluto-_JM,http://http2.mlstatic.com/D_865430-MLA78839105862_092024-O.jpg,,used,Buenos Aires
MLA1990017942,Apple Tv De 3° Generación - Md199bz/a Muy Poco Uso!!!,59000.0,ARS,MLA352001,,1,https://articulo.mercadolibre.com.ar/MLA-1990017942-apple-tv-de-3-generacion-md199bza-muy-poco-uso-_JM,http://http2.mlstatic.com/D_936999-MLA81518014520_012025-O.jpg,,used,Buenos Aires
MLA1968764116,Apple Tv 2.a Generación Hd 8gb Negro,30000.0,ARS,MLA352001,A1378,1,https://articulo.mercadolibre.com.ar/MLA-1968764116-apple-tv-2a-generacion-hd-8gb-negro-_JM,http://http2.mlstatic.com/D_835758-MLA81084386115_122024-O.jpg,,used,Buenos Aires
MLA1984892006,Apple Tv (3era Generación) Modelo A1427,60000.0,ARS,MLA352001,A1427,1,https://articulo.mercadolibre.com.ar/MLA-1984892006-apple-tv-3era-generacion-modelo-a1427-_JM,http://http2.mlstatic.com/D_834691-MLA81325604618_122024-O.jpg,,used,Buenos Aires
MLA2007226274,Apple Tv A1378 Estándar 2.a Generación,24989.0,ARS,MLA352001,A1378,1,https://articulo.mercadolibre.com.ar/MLA-2007226274-apple-tv-a1378-estandar-2a-generacion-_JM,http://http2.mlstatic.com/D_694413-MLA82236853495_022025-O.jpg,,used,Tucumán
MLA1769973558, Apple Tv A1427  8gb Negro  512mb Ram Con Caja,70000.0,ARS,MLA352001,A1427,1,https://articulo.mercadolibre.com.ar/MLA-1769973558-apple-tv-a1427-8gb-negro-512mb-ram-con-caja-_JM,http://http2.mlstatic.com/D_737143-MLA53645925049_022023-O.jpg,,used,Capital Federal
MLA1478481559,Apple Tv A1625 4k 4ta 4th Generación 2015,145000.0,ARS,MLA352001,A1625,1,https://articulo.mercadolibre.com.ar/MLA-1478481559-apple-tv-a1625-4k-4ta-4th-generacion-2015-_JM,http://http2.mlstatic.com/D_905533-MLA82667067311_022025-O.jpg,,used,Capital Federal
MLA1469995027,Apple Tv A1218 2007 1.a Generacion,30000.0,ARS,MLA352001,A1218,1,https://articulo.mercadolibre.com.ar/MLA-1469995027-apple-tv-a1218-2007-1a-generacion-_JM,http://http2.mlstatic.com/D_869309-MLA81507476510_012025-O.jpg,,used,Buenos Aires
MLA1460121355,Apple Tv 4k (wifi) A2737 De Voz 3.a Generación 64gb,310000.0,ARS,MLA352001,A2737,1,https://articulo.mercadolibre.com.ar/MLA-1460121355-apple-tv-4k-wifi-a2737-de-voz-3a-generacion-64gb-_JM,http://http2.mlstatic.com/D_656581-MLA80364764862_112024-O.jpg,,used,Capital Federal
MLA1781884668, Apple Tv A1427 2.ª Generación ,37081.98,ARS,MLA352001,A1378,1,https://articulo.mercadolibre.com.ar/MLA-1781884668-apple-tv-a1427-2-generacion-_JM,http://http2.mlstatic.com/D_702057-MLA69995665359_062023-O.jpg,,used,Buenos Aires
MLA1399520644,Apple Tv 4k 32gb A1842 Negro (usado),400000.0,ARS,MLA352001,A1842,1,https://articulo.mercadolibre.com.ar/MLA-1399520644-apple-tv-4k-32gb-a1842-negro-usado-_JM,http://http2.mlstatic.com/D_725077-MLA54956413007_042023-O.jpg,,used,Capital Federal
MLA1460688751,Apple Tv Hd 4.a Generación 2015 A1625 / 32 Gb,180000.0,ARS,MLA352001,A1625,1,https://articulo.mercadolibre.com.ar/MLA-1460688751-apple-tv-hd-4a-generacion-2015-a1625-32-gb-_JM,http://http2.mlstatic.com/D_911407-MLA80433264578_112024-O.jpg,,used,Santa Fe
MLA1133058175,Apple Tv Modelo A1469,65000.0,ARS,MLA352001,A1469,1,https://articulo.mercadolibre.com.ar/MLA-1133058175-apple-tv-modelo-a1469-_JM,http://http2.mlstatic.com/D_884327-MLA49716868519_042022-O.jpg,,used,Capital Federal
MLA1447987851,Apple Tv A1427 Estándar 3.a Generación Fhd,70000.0,ARS,MLA352001,A1427,1,https://articulo.mercadolibre.com.ar/MLA-1447987851-apple-tv-a1427-estandar-3a-generacion-fhd-_JM,http://http2.mlstatic.com/D_961556-MLA78963726803_092024-O.jpg,,used,Capital Federal
MLA1474236571,Apple Tv Hd A1625 De Voz 4.a Full Hd 32gb Negro,169000.0,ARS,MLA352001,A1625,1,https://articulo.mercadolibre.com.ar/MLA-1474236571-apple-tv-hd-a1625-de-voz-4a-full-hd-32gb-negro-_JM,http://http2.mlstatic.com/D_739022-MLA82190259141_012025-O.jpg,,used,Buenos Aires
MLA1462043665,Apple Tv 2a Generación Full Hd,40000.0,ARS,MLA352001,A1378,1,https://articulo.mercadolibre.com.ar/MLA-1462043665-apple-tv-2a-generacion-full-hd-_JM,http://http2.mlstatic.com/D_874319-MLA75417331056_042024-O.jpg,,used,Capital Federal
MLA1470131529,Apple Tv Hd A1625 De Voz 4.a Gen 2015 Full Hd 32gb,150000.0,ARS,MLA352001,A1625,1,https://articulo.mercadolibre.com.ar/MLA-1470131529-apple-tv-hd-a1625-de-voz-4a-gen-2015-full-hd-32gb-_JM,http://http2.mlstatic.com/D_886932-MLA81525220230_012025-O.jpg,,used,Capital Federal
MLA1990674538,Apple Tv 3.a Generación A1427,49000.0,ARS,MLA352001,A1427,1,https://articulo.mercadolibre.com.ar/MLA-1990674538-apple-tv-3a-generacion-a1427-_JM,http://http2.mlstatic.com/D_654053-MLA81539778256_012025-O.jpg,,used,Capital Federal
MLA1443682603,Apple Tv 2ª Generaciónhd 8gb Negro Con 256mb De Memoria Ram,60000.0,ARS,MLA352001,A1378,1,https://articulo.mercadolibre.com.ar/MLA-1443682603-apple-tv-2-generacionhd-8gb-negro-con-256mb-de-memoria-ram-_JM,http://http2.mlstatic.com/D_751622-MLA78448683903_082024-O.jpg,,used,Capital Federal
MLA1463957805,Apple Tv 4.a Generación 2015 Full Hd 32gb 2gb Ram,250000.0,ARS,MLA352001,A1625,1,https://articulo.mercadolibre.com.ar/MLA-1463957805-apple-tv-4a-generacion-2015-full-hd-32gb-2gb-ram-_JM,http://http2.mlstatic.com/D_965871-MLA80896997180_122024-O.jpg,,used,Capital Federal
MLA1913427140,Apple Tv A1427  3.a Generación Full Hd 8gb Negro,60000.0,ARS,MLA352001,A1427,1,https://articulo.mercadolibre.com.ar/MLA-1913427140-apple-tv-a1427-3a-generacion-full-hd-8gb-negro-_JM,http://http2.mlstatic.com/D_906163-MLA79135279808_092024-O.jpg,,used,Capital Federal
MLA1414122791, Apple Tv A1427 Negro - 1080p Full Hd,120000.0,ARS,MLA352001,A1427,1,https://articulo.mercadolibre.com.ar/MLA-1414122791-apple-tv-a1427-negro-1080p-full-hd-_JM,http://http2.mlstatic.com/D_850015-MLA74935891754_032024-O.jpg,,used,Buenos Aires
MLA1475666907,Apple Tv  Full Hd 32gb,250000.0,ARS,MLA352001,A1625,1,https://articulo.mercadolibre.com.ar/MLA-1475666907-apple-tv-full-hd-32gb-_JM,http://http2.mlstatic.com/D_713523-MLA82068633194_022025-O.jpg,,used,Buenos Aires
MLA1972159008,Apple Tv A1427 ( Control No Funciona),20000.0,ARS,MLA352001,A1427,1,https://articulo.mercadolibre.com.ar/MLA-1972159008-apple-tv-a1427-control-no-funciona-_JM,http://http2.mlstatic.com/D_937772-MLA81214178527_122024-O.jpg,,used,Buenos Aires
MLA1445793563,Apple Tv Hd A1625 De Voz 4.ª Generación 2015 Full Hd 64 Gb,180000.0,ARS,MLA352001,A1625,1,https://articulo.mercadolibre.com.ar/MLA-1445793563-apple-tv-hd-a1625-de-voz-4-generacion-2015-full-hd-64-gb-_JM,http://http2.mlstatic.com/D_604655-MLA78455191662_082024-O.jpg,,used,Buenos Aires
MLA1867521508,Apple Tv A1469 3ra Generación,58000.0,ARS,MLA352001,A1469,1,https://articulo.mercadolibre.com.ar/MLA-1867521508-apple-tv-a1469-3ra-generacion-_JM,http://http2.mlstatic.com/D_725024-MLA77875440986_072024-O.jpg,,used,Buenos Aires
MLA1903134622,Apple Tv A1427 3.ª Generación Full Hd 8gb,73999.0,ARS,MLA352001,A1427,1,https://articulo.mercadolibre.com.ar/MLA-1903134622-apple-tv-a1427-3-generacion-full-hd-8gb-_JM,http://http2.mlstatic.com/D_650721-MLA78775523382_092024-O.jpg,,used,Buenos Aires
MLA1448835555,Apple Tv A1469 Estándar 3,80000.0,ARS,MLA352001,A1427,1,https://articulo.mercadolibre.com.ar/MLA-1448835555-apple-tv-a1469-estandar-3-_JM,http://http2.mlstatic.com/D_939388-MLA78844191792_092024-O.jpg,,used,Capital Federal
MLA1464550035,Apple Tv A1427 Estándar 3.a Generación,25000.0,ARS,MLA352001,A1427,1,https://articulo.mercadolibre.com.ar/MLA-1464550035-apple-tv-a1427-estandar-3a-generacion-_JM,http://http2.mlstatic.com/D_796778-MLA81277974897_122024-O.jpg,,used,Buenos Aires
MLA1436930383,Apple Tv A1427 Estándar 3.ªgeneracion,80500.0,ARS,MLA352001,A1427,1,https://articulo.mercadolibre.com.ar/MLA-1436930383-apple-tv-a1427-estandar-3generacion-_JM,http://http2.mlstatic.com/D_764119-MLA77579525623_072024-O.jpg,,used,Capital Federal
MLA1464945897,Apple Tv 3.a Generación 512mb,99000.0,ARS,MLA352001,A1427,1,https://articulo.mercadolibre.com.ar/MLA-1464945897-apple-tv-3a-generacion-512mb-_JM,http://http2.mlstatic.com/D_763738-MLA81077248890_122024-O.jpg,,used,Buenos Aires
MLA2016882872,Apple Tv 3gen Full Hd 8gb *no Funciona*,15000.0,ARS,MLA352001,A1427,1,https://articulo.mercadolibre.com.ar/MLA-2016882872-apple-tv-3gen-full-hd-8gb-no-funciona-_JM,http://http2.mlstatic.com/D_757068-MLA79511618779_092024-O.jpg,,used,Mendoza
MLA1144065331,Amazon Fire Tv Stick 4k 2023 Wifi 6 2gb De Ram Con Alexa Color Negro,68490.0,ARS,MLA352001,Amazon,1,https://www.mercadolibre.com.ar/amazon-fire-tv-stick-4k-2023-wifi-6-2gb-de-ram-con-alexa-color-negro/p/MLA28024922#wid=MLA1144065331&sid=unknown,http://http2.mlstatic.com/D_814985-MLA81098692218_122024-I.jpg,,new,Capital Federal
MLA1937944368,Amazon Lite Fire Tv Stick B091g4yp57 De Voz Full Hd 8gb Negro Con 1gb De Memoria Ram,57985.0,ARS,MLA352001,B091G4YP57,1,https://www.mercadolibre.com.ar/amazon-lite-fire-tv-stick-b091g4yp57-de-voz-full-hd-8gb-negro-con-1gb-de-memoria-ram/p/MLA19732185#wid=MLA1937944368&sid=unknown,http://http2.mlstatic.com/D_848963-MLU74112953338_012024-I.jpg,,new,Capital Federal
MLA1565619806,Amazon Fire Tv Stick Lite Control Por Voz Alexa Fhd 1080p Color Negro Tipo De Control Remoto De Voz,57800.0,ARS,MLA352001,MDZ-24-AA,1,https://www.mercadolibre.com.ar/amazon-fire-tv-stick-lite-control-por-voz-alexa-fhd-1080p-color-negro-tipo-de-control-remoto-de-voz/p/MLA24588486#wid=MLA1565619806&sid=unknown,http://http2.mlstatic.com/D_843463-MLU70509108856_072023-I.jpg,,new,Santa Fe
MLA1454112559,Amazon Fire Tv Stick 4k Ultra Hd Max 16gb 2nda Generación Wi-fi 6e Color Negro Tipo De Control Remoto Estándar,100600.0,ARS,MLA352001,Amazon,1,https://www.mercadolibre.com.ar/amazon-fire-tv-stick-4k-ultra-hd-max-16gb-2nda-generacion-wi-fi-6e-color-negro-tipo-de-control-remoto-estandar/p/MLA29627884#wid=MLA1454112559&sid=unknown,http://http2.mlstatic.com/D_827472-MLA79350265768_092024-I.jpg,,new,Capital Federal
MLA2009246458,Amazon Fire Tv Stick De Voz 3gen Full Hd 8gb Negro Con 1gb De Ram,67680.0,ARS,MLA352001,Amazon,1,https://www.mercadolibre.com.ar/amazon-fire-tv-stick-de-voz-3gen-full-hd-8gb-negro-con-1gb-de-ram/p/MLA18593745#wid=MLA2009246458&sid=unknown,http://http2.mlstatic.com/D_606631-MLA77113980772_062024-I.jpg,,new,Capital Federal
MLA1968378116,Amazon Fire Tv Stick 3ra Hd Alexa Voice Remote Original,84389.0,ARS,MLA352001,g071el1111930nvj,1,https://www.mercadolibre.com.ar/amazon-fire-tv-stick-3ra-hd-alexa-voice-remote-original/p/MLA21723872#wid=MLA1968378116&sid=unknown,http://http2.mlstatic.com/D_753131-MLA47043467427_082021-I.jpg,,new,Santa Fe
MLA1474169913,Amazon Fire Tv Stick Hd 2024 Control Por Voz Fhd Sicoaf,55199.08,ARS,MLA352001,840414697713,100,https://articulo.mercadolibre.com.ar/MLA-1474169913-amazon-fire-tv-stick-hd-2024-control-por-voz-fhd-sicoaf-_JM,http://http2.mlstatic.com/D_624585-MLA82186245531_012025-O.jpg,,new,Capital Federal
MLA1971319040,Amazon Fire Tv Stick 4k Max 16 Gb Wifi 6 Ultra Rápido Color Negro,112000.0,ARS,MLA352001,Fire Tv,1,https://www.mercadolibre.com.ar/amazon-fire-tv-stick-4k-max-16-gb-wifi-6-ultra-rapido-color-negro/p/MLA29525405#wid=MLA1971319040&sid=unknown,http://http2.mlstatic.com/D_759691-MLU73748474388_012024-I.jpg,,new,Capital Federal
MLA1985471482,Amazon Fire Tv Stick Hd 2024 Control Por Voz Smart Tv- Netfl,55199.0,ARS,MLA352001,840414697713,1,https://articulo.mercadolibre.com.ar/MLA-1985471482-amazon-fire-tv-stick-hd-2024-control-por-voz-smart-tv-netfl-_JM,http://http2.mlstatic.com/D_954509-MLA81363453954_122024-O.jpg,,new,Capital Federal
MLA1908528342,"Amazon Fire Tv Stick 4k Streaming, Con Alexa Voice Remote Color Negro",79199.0,ARS,MLA352001,Amazon,1,https://www.mercadolibre.com.ar/amazon-fire-tv-stick-4k-streaming-con-alexa-voice-remote-color-negro/p/MLA24025713#wid=MLA1908528342&sid=unknown,http://http2.mlstatic.com/D_752901-MLU70084963645_062023-I.jpg,,new,Capital Federal
MLA1369238847,Amazon Fire Tv Stick Lite Control De Voz Full Hd 8gb 1gb Ram,65999.12,ARS,MLA352001,Fire Tv Stick Amazon,1,https://articulo.mercadolibre.com.ar/MLA-1369238847-amazon-fire-tv-stick-lite-control-de-voz-full-hd-8gb-1gb-ram-_JM,http://http2.mlstatic.com/D_706612-MLA69348198947_052023-O.jpg,,new,Buenos Aires
MLA1996368090,Streaming Fire Tv Stick lite - Amazon - 1080p Fhd / Rom 8gb,62299.11,ARS,MLA352001,Amazon,100,https://www.mercadolibre.com.ar/streaming-fire-tv-sticklite-amazon-1080p-fhd-rom-8gb/p/MLA38413896#wid=MLA1996368090&sid=unknown,http://http2.mlstatic.com/D_749360-MLU77781180863_072024-I.jpg,,new,Capital Federal
MLA1464688935,Amazon Fire Tv Stick 8gb Wifi 5 1080p Hdr Alexa Version 2024,82313.99,ARS,MLA352001,FireTV HD,1,https://articulo.mercadolibre.com.ar/MLA-1464688935-amazon-fire-tv-stick-8gb-wifi-5-1080p-hdr-alexa-version-2024-_JM,http://http2.mlstatic.com/D_812486-MLA81042433986_122024-O.jpg,,new,Capital Federal
MLA1477750263,Amazon Fire Tv Stick Hd 4a Generación Con Comandos De Voz Negro 1gb Ram,59920.0,ARS,MLA352001,FireTV HD,1,https://www.mercadolibre.com.ar/amazon-fire-tv-stick-hd-4a-generacion-con-comandos-de-voz-negro-1gb-ram/p/MLA44218605#wid=MLA1477750263&sid=unknown,http://http2.mlstatic.com/D_791224-MLA80794954280_112024-I.jpg,,new,Capital Federal
MLA1664943482,Amazon Tv Stick Fire Tv Stick 4k Max K2r2te De Voz 1.ª Generación 4k 8gb Negro Con 2gb De Memoria Ram,100540.0,ARS,MLA352001,K2R2TE,1,https://www.mercadolibre.com.ar/amazon-tv-stick-fire-tv-stick-4k-max-k2r2te-de-voz-1-generacion-4k-8gb-negro-con-2gb-de-memoria-ram/p/MLA22384784#wid=MLA1664943482&sid=unknown,http://http2.mlstatic.com/D_940832-MLU73213842177_122023-I.jpg,,new,Capital Federal
MLA1856299014,Amazon Fire Tv Stick 4k De Voz 2ª Generación 4k 8gb Negro1 Con 1.5gb De Memoria Ram,90240.0,ARS,MLA352001,Amazon,1,https://www.mercadolibre.com.ar/amazon-fire-tv-stick-4k-de-voz-2-generacion-4k-8gb-negro1-con-15gb-de-memoria-ram/p/MLA14141341#wid=MLA1856299014&sid=unknown,http://http2.mlstatic.com/D_971919-MLA74652650842_022024-I.jpg,,new,Capital Federal
MLA1975526012,Amazon Fire Tv Stick Hd 2024 Control De Voz 8gh Wifi 5 Nuevo,78989.73,ARS,MLA352001,840414697713,1,https://articulo.mercadolibre.com.ar/MLA-1975526012-amazon-fire-tv-stick-hd-2024-control-de-voz-8gh-wifi-5-nuevo-_JM,http://http2.mlstatic.com/D_647351-MLA81093713960_122024-O.jpg,,new,Capital Federal
MLA1441306967,Amazon Convertidor Fire Tv Stick Lite Alexa Voice Smart Tv,136491.25,ARS,MLA352001,B091G4YP57,1,https://articulo.mercadolibre.com.ar/MLA-1441306967-amazon-convertidor-fire-tv-stick-lite-alexa-voice-smart-tv-_JM,http://http2.mlstatic.com/D_925621-MLA78198477573_082024-O.jpg,,new,Capital Federal
MLA2008339342,Amazon Fire Tv Stick 4k 2023 Wifi 6 2gb Color Negro,68479.0,ARS,MLA352001,Amazon,1,https://articulo.mercadolibre.com.ar/MLA-2008339342-amazon-fire-tv-stick-4k-2023-wifi-6-2gb-color-negro-_JM,http://http2.mlstatic.com/D_814985-MLA81098692218_122024-O.jpg,,new,Capital Federal
MLA1397794231,"Fire Tv Stick (3.ª Generación 2021) Con Alexa Voice Remote,",69279.0,ARS,MLA352001,Amazon,1,https://www.mercadolibre.com.ar/fire-tv-stick-3-generacion-2021-con-alexa-voice-remote/p/MLA20544487#wid=MLA1397794231&sid=unknown,http://http2.mlstatic.com/D_644764-MPE48988702985_012022-I.jpg,,new,Córdoba
MLA1974013466,Amazon Fire Tv Stick Hd 2024 Control Por Voz Fhd Streamoing,61999.0,ARS,MLA352001,840414697713,1,https://articulo.mercadolibre.com.ar/MLA-1974013466-amazon-fire-tv-stick-hd-2024-control-por-voz-fhd-streamoing-_JM,http://http2.mlstatic.com/D_847613-MLA81303408521_122024-O.jpg,,new,Capital Federal
MLA1974888490,Amazon Fire Tv Stick Hd 2024 Control Por Voz Fhd Streaming,66599.0,ARS,MLA352001,840414697713,1,https://articulo.mercadolibre.com.ar/MLA-1974888490-amazon-fire-tv-stick-hd-2024-control-por-voz-fhd-streaming-_JM,http://http2.mlstatic.com/D_724126-MLA81063713164_122024-O.jpg,,new,Capital Federal
MLA2013301406,Amazon Lite Fire Tv Stick B091g4yp57 De Voz Full Hd 8gb,62657.0,ARS,MLA352001,B091G4YP57,1,https://articulo.mercadolibre.com.ar/MLA-2013301406-amazon-lite-fire-tv-stick-b091g4yp57-de-voz-full-hd-8gb-_JM,http://http2.mlstatic.com/D_848963-MLU74112953338_012024-O.jpg,,new,Capital Federal
MLA2005704458,Amazon Fire Tv Stick 4k 2023 Wifi 6 2gb De Ram Sicoaf,68499.0,ARS,MLA352001,Amazon,50,https://articulo.mercadolibre.com.ar/MLA-2005704458-amazon-fire-tv-stick-4k-2023-wifi-6-2gb-de-ram-sicoaf-_JM,http://http2.mlstatic.com/D_814985-MLA81098692218_122024-O.jpg,,new,Capital Federal
MLA1916062622,Amazon Tv Stick Lite 3ra Gen Streaming Full Hd,77427.0,ARS,MLA352001,,500,https://articulo.mercadolibre.com.ar/MLA-1916062622-amazon-tv-stick-lite-3ra-gen-streaming-full-hd-_JM,http://http2.mlstatic.com/D_779300-MLA79509527609_092024-O.jpg,,new,Buenos Aires
MLA1465489187,Amazon Fire Tv Stick 4k Fire Tv Stick 4k 53-008355 Pilas 4k Negro,89000.0,ARS,MLA352001,B0CJM1GNFQ / B0BP9MDCQZ,1,https://www.mercadolibre.com.ar/amazon-fire-tv-stick-4k-fire-tv-stick-4k-53-008355-pilas-4k-negro/p/MLA42248736#wid=MLA1465489187&sid=unknown,http://http2.mlstatic.com/D_871207-MLA79930175736_102024-I.jpg,,new,Córdoba
MLA1451230839,Amazon Fire Tv Stick 4k Ultra Hd Max 16gb Wi-fi 6e Negro,147890.0,ARS,MLA352001,Amazon,1,https://articulo.mercadolibre.com.ar/MLA-1451230839-amazon-fire-tv-stick-4k-ultra-hd-max-16gb-wi-fi-6e-negro-_JM,http://http2.mlstatic.com/D_986760-MLA79588730653_092024-O.jpg,,new,Capital Federal
MLA1403896247,Amazon Fire Tv Stick Lite Con Control Remoto Outlet,50500.0,ARS,MLA352001,Fire Tv Stick Amazon,1,https://articulo.mercadolibre.com.ar/MLA-1403896247-amazon-fire-tv-stick-lite-con-control-remoto-outlet-_JM,http://http2.mlstatic.com/D_600672-MLA74072279900_012024-O.jpg,,new,Capital Federal
MLA1447682463,Amazon Fire Tv Stick 4k Control Por Voz 3ra Generación Alexa,79999.0,ARS,MLA352001,Fire Tv Stick Amazon,1,https://articulo.mercadolibre.com.ar/MLA-1447682463-amazon-fire-tv-stick-4k-control-por-voz-3ra-generacion-alexa-_JM,http://http2.mlstatic.com/D_784422-MLU73365004986_122023-O.jpg,,new,Capital Federal
MLA1364216697,Amazon Fire Tv Stick Lite Full Hd 8gb 1gb Ram Streaming,58999.0,ARS,MLA352001,Fire Tv Stick Amazon,1,https://articulo.mercadolibre.com.ar/MLA-1364216697-amazon-fire-tv-stick-lite-full-hd-8gb-1gb-ram-streaming-_JM,http://http2.mlstatic.com/D_738781-MLA80095419560_102024-O.jpg,,new,Capital Federal
MLA2013184174,Amazon Fire Tv Stick 4k Ultra Hd Max 16gb 2nda Generación,101152.0,ARS,MLA352001,Amazon,1,https://articulo.mercadolibre.com.ar/MLA-2013184174-amazon-fire-tv-stick-4k-ultra-hd-max-16gb-2nda-generacion-_JM,http://http2.mlstatic.com/D_827472-MLA79350265768_092024-O.jpg,,new,Capital Federal
MLA1476893929,Amazon Fire Tv Stick 4k Max Streaming Wifi 6,101150.0,ARS,MLA352001,4k Max,1,https://articulo.mercadolibre.com.ar/MLA-1476893929-amazon-fire-tv-stick-4k-max-streaming-wifi-6-_JM,http://http2.mlstatic.com/D_722642-MLA82197947200_022025-I.jpg,,new,Capital Federal
MLA1464753255,Amazon Fire Tv Stick 8gb Wifi 5 1080p Hdr Version 2024 Alexa,77768.99,ARS,MLA352001,FireTV HD,1,https://articulo.mercadolibre.com.ar/MLA-1464753255-amazon-fire-tv-stick-8gb-wifi-5-1080p-hdr-version-2024-alexa-_JM,http://http2.mlstatic.com/D_812486-MLA81042433986_122024-O.jpg,,new,Capital Federal
MLA1369026587,Amazon Fire Tv Stick 4k De Voz 2ª Generación 4k 8gb Negro Con 1.5gb De Memoria Ram,99998.0,ARS,MLA352001,Amazon,1,https://www.mercadolibre.com.ar/amazon-fire-tv-stick-4k-de-voz-2-generacion-4k-8gb-negro-con-15gb-de-memoria-ram/p/MLA22930162#wid=MLA1369026587&sid=unknown,http://http2.mlstatic.com/D_784422-MLU73365004986_122023-I.jpg,,new,Buenos Aires
MLA1987961156,Amazon Fire Tv Stick De Voz 3gen Full Hd 8gb 1gb Ram,68990.0,ARS,MLA352001,Amazon,1,https://articulo.mercadolibre.com.ar/MLA-1987961156-amazon-fire-tv-stick-de-voz-3gen-full-hd-8gb-1gb-ram-_JM,http://http2.mlstatic.com/D_606631-MLA77113980772_062024-O.jpg,,new,Capital Federal
MLA1458709339,Amazon Fire Tv Stick 4k Ultra Hd Max 16gb 2 Gen Wi-fi 6e,124998.0,ARS,MLA352001,Fire Tv,1,https://articulo.mercadolibre.com.ar/MLA-1458709339-amazon-fire-tv-stick-4k-ultra-hd-max-16gb-2-gen-wi-fi-6e-_JM,http://http2.mlstatic.com/D_827472-MLA79350265768_092024-O.jpg,,new,Capital Federal
MLA1476905113,Amazon Fire Tv Stick 4k 2023 Wifi 6 2gb De Ram Con Alexa co,69192.0,ARS,MLA352001,4K 2023,1,https://articulo.mercadolibre.com.ar/MLA-1476905113-amazon-fire-tv-stick-4k-2023-wifi-6-2gb-de-ram-con-alexaco-_JM,http://http2.mlstatic.com/D_852129-MLA82332275576_022025-I.jpg,,new,Capital Federal
MLA1473704297,Amazon Fire Tv Stick 8gb Wifi 5 1080p Hdr Version 2024,82313.99,ARS,MLA352001,FireTV HD,1,https://articulo.mercadolibre.com.ar/MLA-1473704297-amazon-fire-tv-stick-8gb-wifi-5-1080p-hdr-version-2024-_JM,http://http2.mlstatic.com/D_836035-MLA82148789297_012025-O.jpg,,new,Córdoba
MLA1918175152,Amazon Fire Tv Stick 4k Max Ultra Hd 16gb Streaming,101150.0,ARS,MLA352001,Amazon,1,https://articulo.mercadolibre.com.ar/MLA-1918175152-amazon-fire-tv-stick-4k-max-ultra-hd-16gb-streaming-_JM,http://http2.mlstatic.com/D_661052-MLU73835170206_012024-O.jpg,,new,Capital Federal
MLA1975932800,Amazon Fire Tv Stick 4k 2023 Wifi 6 2gb De Ram Con Alexa,88989.6,ARS,MLA352001,Amazon,1,https://articulo.mercadolibre.com.ar/MLA-1975932800-amazon-fire-tv-stick-4k-2023-wifi-6-2gb-de-ram-con-alexa-_JM,http://http2.mlstatic.com/D_962495-MLA81093749166_122024-O.jpg,,new,Capital Federal
MLA1920492052,Amazon Fire Tv Stick De Voz 3gen Full Hd 8gb Negro Con Pilas,85900.0,ARS,MLA352001,Amazon,1,https://articulo.mercadolibre.com.ar/MLA-1920492052-amazon-fire-tv-stick-de-voz-3gen-full-hd-8gb-negro-con-pilas-_JM,http://http2.mlstatic.com/D_606631-MLA77113980772_062024-O.jpg,,new,Buenos Aires
MLA1451931929,Amazon Fire Tv Stick 4k Max Ultra Hd 16gb Streaming,101150.0,ARS,MLA352001,Amazon,1,https://articulo.mercadolibre.com.ar/MLA-1451931929-amazon-fire-tv-stick-4k-max-ultra-hd-16gb-streaming-_JM,http://http2.mlstatic.com/D_661052-MLU73835170206_012024-O.jpg,,new,Capital Federal
MLA1981319370,Amazon Fire Tv Stick 4k Ultra Hd Max 16gb Wi-fi 6e Negro,129990.0,ARS,MLA352001,Amazon,1,https://articulo.mercadolibre.com.ar/MLA-1981319370-amazon-fire-tv-stick-4k-ultra-hd-max-16gb-wi-fi-6e-negro-_JM,http://http2.mlstatic.com/D_827472-MLA79350265768_092024-O.jpg,,new,Capital Federal
MLA1985584838,Amazon Fire Tv Stick Hd 2024 Streaming Fhd Cargador + Pilas,69999.0,ARS,MLA352001,840414697713,1,https://articulo.mercadolibre.com.ar/MLA-1985584838-amazon-fire-tv-stick-hd-2024-streaming-fhd-cargador-pilas-_JM,http://http2.mlstatic.com/D_701651-MLA81363141714_122024-O.jpg,,new,Capital Federal
MLA1374336916,Amazon Fire Tv Stick 4k 1.5gb Ram Streaming Control Por Voz,68480.0,ARS,MLA352001,Fire Tv Stick Amazon,1,https://articulo.mercadolibre.com.ar/MLA-1374336916-amazon-fire-tv-stick-4k-15gb-ram-streaming-control-por-voz-_JM,http://http2.mlstatic.com/D_779115-MLA54834662690_042023-O.jpg,,new,Capital Federal
MLA1975421614,Amazon Fire Tv Stick 4k 2023 Wifi 6 2gb De Ram Con Alexa,104998.4,ARS,MLA352001,Amazon,1,https://articulo.mercadolibre.com.ar/MLA-1975421614-amazon-fire-tv-stick-4k-2023-wifi-6-2gb-de-ram-con-alexa-_JM,http://http2.mlstatic.com/D_622779-MLA81094075158_122024-O.jpg,,new,Capital Federal
MLA1449892657,Amazon Tv Stick Lite 2da Gen Streaming Full Hd,72882.0,ARS,MLA352001,B091G4YP57,1,https://articulo.mercadolibre.com.ar/MLA-1449892657-amazon-tv-stick-lite-2da-gen-streaming-full-hd-_JM,http://http2.mlstatic.com/D_878295-MLA80945170433_112024-O.jpg,,new,Buenos Aires
MLA1440239591,Fire Tv Stick Convertidor Amazon Smart Netflix Streaming Hd,143679.0,ARS,MLA352001,B091G4YP57,1,https://articulo.mercadolibre.com.ar/MLA-1440239591-fire-tv-stick-convertidor-amazon-smart-netflix-streaming-hd-_JM,http://http2.mlstatic.com/D_717172-MLA78197651521_082024-O.jpg,,new,Capital Federal
MLA2017481294,"Control Remoto De Voz Fire Tv Stick Lite De Segunda Generación, Alexa Amazon Bivolt, Color Negro, Tipo Control Remoto",59554.0,ARS,MLA352001,840080593296,1,https://www.mercadolibre.com.ar/control-remoto-de-voz-fire-tv-stick-lite-de-segunda-generacion-alexa-amazon-bivolt-color-negro-tipo-control-remoto/p/MLA36100882#wid=MLA2017481294&sid=unknown,http://http2.mlstatic.com/D_812790-MLA80587233881_112024-I.jpg,,new,Córdoba
MLA1976434684,"Amazon Fire Tv Stick Lite Full Hd 2 Gen De 8 Gb Con 1 Gb De Ram, Color Negro",69999.0,ARS,MLA352001,Fire Tv Stick Amazon,1,https://www.mercadolibre.com.ar/amazon-fire-tv-stick-lite-full-hd-2-gen-de-8-gb-con-1-gb-de-ram-color-negro/p/MLA26953039#wid=MLA1976434684&sid=unknown,http://http2.mlstatic.com/D_871275-MLU71608993538_092023-I.jpg,,new,Capital Federal
